r_0005,13BETGLUSYN
r_0006,16BETGLUSYN
r_0013,23DI5ME1PHDERE
r_0015,DRPPPNRED25645
r_0017,AHHM246
r_0026,ARAT
r_0027,2METDEH
r_0041,3DSPHRr
r_0044,3HPH5MBDCm
r_0059,3ISO3MET
r_0073,4PPIP5DEPTOIP6
r_0074,4PPIP5PYR45PP2IP4
r_0082,PMI12346PH
r_0083,PMI12346PS
r_0088,5PPIP5PYR45PP2IP4
r_0089,5PPIP5PYR56PP2IP4
r_0092,6PPIP5DEPTOIP6
r_0093,6PPIP5PYR56PP2IP4
r_0094,AOXSr
r_0096,ACEACIISO
r_0097,ACESYN
r_0107,ACACT5r_1p
r_0114,ACSn
r_0120,ACYCOAOXIDECCOA
r_0126,ACOCEATREPIrm
r_0127,ACOCEATRERGrm
r_0128,ACOCFATRrm
r_0129,ACOCLATRrm
r_0130,ACOCZATRrm
r_0131,ACPCEATREPIrm
r_0132,ACPCEATRERGrm
r_0133,ACPCFATRrm
r_0134,ACPCLATRrm
r_0135,ACPCZATRrm
r_0137,ACGPIN2POGPANASST3
r_0159,ALCACEETH
r_0192,ALP12MAN
r_0228,BDMT_cho
r_0229,BIOSYN
r_0234,C3STEDEH
r_0235,C3STEDEH4MET
r_0236,STKEMERED34
r_0238,C4METSTEOXI
r_0240,C4METSTEOXI2
r_0241,SMDOXI444
r_0249,CAAFAR
r_0259,CERH124r
r_0260,CER1HYDLAS24C
r_0261,CERH126r
r_0262,CER1HYDLAS26C
r_0267,CERS324r
r_0268,CERS326r
r_0269,CER4SYN24C
r_0270,CER4SYN26C
r_0271,CHIDEA
r_0272,CHISYN
r_0281,FRTTlp
r_0282,GGTTlp
r_0283,PPTTlp
r_0284,HEXTTlp
r_0285,CISPRESTE05
r_0286,CISPRESTE06
r_0287,CISPRESTE07
r_0288,UDPDPSlp
r_0289,CISPRESTE09
r_0290,CISPRESTE10
r_0291,CISPRESTE11
r_0292,CISPRESTE12
r_0293,CISPRESTE13
r_0294,CISPRESTE14
r_0295,CISPRESTE15
r_0296,CISPRESTE16
r_0297,CISPRESTE17
r_0298,CISPRESTE18
r_0299,CISPRESTE19
r_0319,DARA14LACOXI
r_0331,DEOSYNCYTMIT
r_0340,DIH
r_0341,DIH2
r_0342,DIH3
r_0343,DIH4
r_0347,DHNPA2m
r_0350,DIHSYN
r_0357,DTK1346
r_0358,DTKSYN1346
r_0369,ETHACEHYDEST
r_0399,FATACICOALIGDEC
r_0438,FERCOXOXI
r_0439,UBICRED
r_0510,GLYSTASYN
r_0518,ACGPIDr
r_0519,GPIANCASSSTE5
r_0520,GPIANCASSSTE6
r_0521,GPIANCASSSTE7
r_0522,GPIANCASSSTE8
r_0523,GPIANCASSSTE9
r_0532,HEXAPRBENMET
r_0543,HOMSYN
r_0545,HOMDEH
r_0571,IPKIN134562
r_0572,ITKIN13456n
r_0573,ITKKIN14563n
r_0574,ITKIN1456n
r_0575,MI145PKn
r_0596,IPSPHOC
r_0597,IPSPHOC2
r_0598,IPSPHOC3
r_0599,IPSPHOC4
r_0600,IPSPHOC5
r_0601,IPSPHOC6
r_0602,IPSPHOC7
r_0603,IPSPHOC8
r_0604,IPSPHOC9
r_0605,IPSPHOC10
r_0606,IPSPHOC11
r_0607,IPSPHOC12
r_0608,IPSPHOC13
r_0609,IPSPHOC14
r_0610,IPSPHOC15
r_0611,IPSPHOC16
r_0612,IPSPHOC17
r_0613,IPSPHOC18
r_0614,IPSPHOC19
r_0615,IPSPHOC20
r_0616,IPSPHOC21
r_0617,IPSPHOC22
r_0618,IPSPHOC23
r_0619,IPSPHOC24
r_0620,IPSPHOC25
r_0621,IPSPHOC26
r_0622,IPSPHOC27
r_0623,IPSPHOC28
r_0624,IPSPHOC29
r_0625,IPSPHOC30
r_0626,IPSPHOC31
r_0627,IPSPHOC32
r_0628,IPSPHOC33
r_0629,IPSPHOC34
r_0630,IPSPHOC35
r_0631,IPSPHOC36
r_0632,IPSPHOC37
r_0633,IPSPHOC38
r_0634,IPSPHOC39
r_0635,IPSPHOC40
r_0636,IPSPHOC41
r_0637,IPSPHOC42
r_0638,IPSPHOC43
r_0639,IPSPHOC44
r_0640,IPSPHOC45
r_0641,IPSPHOC46
r_0642,IPSPHOC47
r_0643,IPSPHOC48
r_0644,IPSPHOC49
r_0645,IPSPHOC50
r_0646,IPSPHOC51
r_0647,IPSPHOC52
r_0648,IPSPHOC53
r_0649,IPSPHOC54
r_0650,IPSPHOC55
r_0651,IPSPHOC56
r_0652,IPSPHOC57
r_0653,IPSPHOC58
r_0654,IPSPHOC59
r_0655,IPSPHOC60
r_0687,LHYDPROREDNAD
r_0703,LEUA4HYD
r_0704,LEUA4HYD2
r_0705,LEUA4HYD3
r_0706,LEUA4HYD4
r_0708,LTA4Hn
r_0747,MIPSYN
r_0748,MIPSYN2
r_0749,MIPSYN3
r_0750,MIPSYN4
r_0751,MIPSYN5
r_0752,MIPSYN6
r_0753,MIPSYN7
r_0754,MIPSYN8
r_0755,MIPSYN9
r_0756,MIPSYN10
r_0763,NFOROXI
r_0767,NADNn
r_0769,DNGALn
r_0771,NADKIN
r_0772,NADKINMIT
r_0844,PERACYCOATHI
r_0882,PHOMUT
r_0911,AIRC1
r_0919,PHY
r_0920,PHY2
r_0921,PSPHPLr
r_0922,PSPHSr
r_0940,PROD2m
r_0963,QUIOXI
r_0993,SERPTr
r_1000,FUMREDFMN
r_1006,SLCBK2r
r_1007,SLCBK1r
r_1008,ACONIm
r_1069,UDPNACEDIP
r_1095,YUMSYN
r_1838,HOMSYN2
r_2112,KYNAMI
r_2113,SPOKYNACITOQUIACI
r_2114,QUILSYN
r_2116,ALDD2x
r_2117,PHETRA
r_2119,TYRTRA
r_2126,SBP
r_2140,FATACYCOASYNNC16
r_2141,FATACYCOASYNNC18
r_2143,KAOHAASYN3
r_2144,KAOOAASYN3
r_2147,OAAHOAARED33
r_2148,HATTBEADHT32
r_2150,HATTOEADHT32
r_2151,ENOACPREDBUTANOACP
r_2152,ENOACPREDHEXANOACP
r_2153,ENOACPREDOCTANOACP
r_2154,OXTEDECO3
r_2155,ELOI3OXOPALCOA
r_2156,3OACOASrm
r_2157,RE0565rm
r_2158,RE0569rm
r_2159,RE0573rm
r_2160,HMR_2215rm
r_2161,KCHTDCRED3
r_2162,KCHPCRED3
r_2163,RE0581rm
r_2164,RE0566rm
r_2165,RE0570rm
r_2166,RE0574rm
r_2167,KCHHACRED3
r_2168,ECOAH6rm
r_2169,ECOAH7rm
r_2170,RE0582rm
r_2171,HACTIECDHT2
r_2172,HACTDECDHT2
r_2173,RE0575rm
r_2174,HACTHAECDHT2
r_2175,ACOAR6rm
r_2176,ACOAR7rm
r_2177,ECOARrm
r_2178,TRENCORED21
r_2179,TRENCORED22
r_2180,RE0576rm
r_2181,TRENCORED23
r_2182,DESAT16_2rm
r_2183,STCOrm
r_2194,FACOAL120rm
r_2195,FACOAL140rm
r_2196,FACOAL160rm
r_2197,FACOAL161rm
r_2198,FACOAL180rm
r_2199,FACOArm
r_2200,FACOAL120lp
r_2201,FACOAL140lp
r_2202,FACOAL160lp
r_2203,FACOAL161lp
r_2204,FACOAL180lp
r_2205,FACOAlp
r_2207,FACOAL180x
r_2208,FACOAP
r_2209,FACOAL200ce
r_2210,DOCOSACTce
r_2211,FACOAL240ce
r_2212,FACOAL260ce
r_2213,DOCOSACTrm
r_2214,FACOAL240rm
r_2215,FACOAL260rm
r_2216,DOCOSACTlp
r_2217,FACOAL240lp
r_2218,FACOAL260lp
r_2232,PERACYCOATHI40
r_2234,FACOAE161x
r_2235,PERACYCOATHI181
r_2238,ACYCOAOXIOCTANOCOA
r_2239,ACYCOAOXIICOSANCOA
r_2240,ACYCOAOXIDOCOSACOA
r_2242,ACYCOAOXIPALCOA
r_2243,ACCTDECOXI7
r_2244,ACCDECOXI5
r_2245,ACYCOAOXIOLECOA
r_2246,ACCHAECOXI7
r_2247,ACCTDECOXI5
r_2253,ECHHACHYT231
r_2254,ECHBACHYT23
r_2255,ECHHACHYT232
r_2256,ECHOACHYT23
r_2257,ECHISCHYT23
r_2258,ECHDOCHYT23
r_2259,ECHTCCHYT23
r_2260,ECHCHAECHYT239
r_2261,ECHCTDECHYT237
r_2262,ECHCDECHYT235
r_2263,ECHCOAECHYT239
r_2264,ECHCHAECHYT237
r_2265,ECHCTDECHYT235
r_2270,HACOHACDHG331
r_2271,HACOBACDHG33
r_2272,HACOHACDHG332
r_2273,HACOOACDHG33
r_2274,HACOISCDHG33
r_2275,HACODOCDHG33
r_2276,HACOTCCDHG33
r_2277,HACOCHAECDHG339
r_2278,HACOCTDECDHG337
r_2279,HACOCDECDHG335
r_2280,HACOCOAECDHG339
r_2281,HACOCHAECDHG337
r_2282,HACOCTDECDHG335
r_2289,ACCTDECATR7
r_2290,ACCDECATR5
r_2291,ACCDECATR31
r_2292,ACCHAECATR7
r_2293,ACCTDECATR5
r_2294,ACCDECATR32
r_2295,ECCDEC31
r_2296,ECTCDC25
r_2298,ECCDEC32
r_2299,ECTCTDC25
r_2300,ECTTDEC3
r_2301,DDDCTCDC352435
r_2302,DDDCTCTDC352435
r_2303,DCTTDCRED2424
r_2304,DCTTTDCRED2424
r_2308,G3PAT160rm
r_2309,GLY3PHOACY161rm
r_2310,GLY3PHOACY180rm
r_2311,GLY3PHOACY181rm
r_2312,DIHACEPHOACY160rm
r_2313,DIHACEPHOACY161rm
r_2314,DIHACEPHOACY180rm
r_2315,DIHACEPHOACY181rm
r_2316,3PAT160lp
r_2317,GLY3PHOACY161lp
r_2318,GLY3PHOACY180lp
r_2319,GLY3PHOACY181lp
r_2320,DIHACEPHOACY160lp
r_2321,DIHACEPHOACY161lp
r_2322,DIHACEPHOACY180lp
r_2323,DIHACEPHOACY181lp
r_2324,ACYDHARED160rm
r_2325,ACYDHARED161rm
r_2326,ACYDHARED180rm
r_2327,ACYDHARED181rm
r_2328,ACYDHARED160lp
r_2329,ACYDHARED161lp
r_2330,ACYDHARED180lp
r_2331,ACYDHARED181lp
r_2332,AGPATR13160161rm
r_2333,AGPATR13160181rm
r_2334,AGPATR13161161rm
r_2335,AGPATR13161181rm
r_2336,AGPATR13180161rm
r_2337,AGPATR13180181rm
r_2338,AGPATR13181161rm
r_2339,AGPATR13181181rm
r_2340,AGPATR13160181lp
r_2341,AGPATR13161181lp
r_2342,AGPATR13180181lp
r_2343,AGPATR13181181lp
r_2344,PHT160161rm
r_2345,PHT160181rm
r_2346,PAPA161rm
r_2347,PHT161181rm
r_2348,PHT180161rm
r_2349,PHT180181rm
r_2350,PHT181161rm
r_2351,PHT181181rm
r_2352,PHT160161vm
r_2353,PHT160181vm
r_2354,PAPA161vm
r_2355,PHT161181vm
r_2356,PHT180161vm
r_2357,PHT180181vm
r_2358,PHT181161vm
r_2359,PHT181181vm
r_2360,PHT160161gm
r_2361,PHT160181gm
r_2362,PAPA161gm
r_2363,PHT161181gm
r_2364,PHT180161gm
r_2365,PHT180181gm
r_2366,PHT181161gm
r_2367,PHT181181gm
r_2368,DATR160161160rm
r_2369,DATR160181160rm
r_2370,DATR161161160rm
r_2371,DATR161181160rm
r_2372,DATR180161160rm
r_2373,DATR180181160rm
r_2374,DATR181161160rm
r_2375,DATR181181160rm
r_2376,DATR160161161rm
r_2377,DATR160181161rm
r_2378,ACOADAGAT161161161rm
r_2379,DATR161181161rm
r_2380,DATR180161161rm
r_2381,DATR180181161rm
r_2382,DATR181161161rm
r_2383,DATR181181161rm
r_2384,DATR160161180rm
r_2385,DATR160181180rm
r_2386,DATR161161180rm
r_2387,DATR161181180rm
r_2388,DATR180161180rm
r_2389,DATR180181180rm
r_2390,DATR181161180rm
r_2391,DATR181181180rm
r_2392,DATR160161181rm
r_2393,DATR160181181rm
r_2394,DATR161161181rm
r_2395,DATR161181181rm
r_2396,DATR180161181rm
r_2397,DATR180181181rm
r_2398,DATR181161181rm
r_2399,DATR181181181rm
r_2400,DATR160161160lp
r_2401,DATR160181160lp
r_2402,DATR161161160lp
r_2403,DATR161181160lp
r_2404,DATR180161160lp
r_2405,DATR180181160lp
r_2406,DATR181161160lp
r_2407,DATR181181160lp
r_2408,DATR160161161lp
r_2409,DATR160181161lp
r_2410,ACOADAGAT161161161lp
r_2411,DATR161181161lp
r_2412,DATR180161161lp
r_2413,DATR180181161lp
r_2414,DATR181161161lp
r_2415,DATR181181161lp
r_2416,DATR160161180lp
r_2417,DATR160181180lp
r_2418,DATR161161180lp
r_2419,DATR161181180lp
r_2420,DATR180161180lp
r_2421,DATR180181180lp
r_2422,DATR181161180lp
r_2423,DATR181181180lp
r_2424,DATR160161181lp
r_2425,DATR160181181lp
r_2426,DATR161161181lp
r_2427,DATR161181181lp
r_2428,DATR180161181lp
r_2429,DATR180181181lp
r_2430,DATR181161181lp
r_2431,DATR181181181lp
r_2432,CDSYN160161rm
r_2433,CDSYN161161rm
r_2434,CDSYN180161rm
r_2435,CDSYN181161rm
r_2436,CDSYN160181rm
r_2437,CDSYN161181rm
r_2438,CDSYN180181rm
r_2439,CDSYN181181rm
r_2440,CDSYN160161mm
r_2441,CDSYN161161mm
r_2442,CDSYN180161mm
r_2443,CDSYN181161mm
r_2444,CDSYN160181mm
r_2445,CDSYN161181mm
r_2446,PSSYN160161rm
r_2447,PSSYN161161rm
r_2448,PSSYN180161rm
r_2449,PSSYN181161rm
r_2450,PSSYN160181rm
r_2451,PSSYN161181rm
r_2452,PSSYN180181rm
r_2453,PSSYN181181rm
r_2454,PISYN160161rm
r_2455,PISYN161161rm
r_2456,PISYN180161rm
r_2457,PISYN181161rm
r_2458,PISYN160181rm
r_2459,PISYN161181rm
r_2460,PISYN180181rm
r_2461,PISYN181181rm
r_2462,LATR180161rm
r_2463,LATR180181rm
r_2464,PSDEC160161mm
r_2465,PSDEC161161mm
r_2466,PSDEC180161mm
r_2467,PSDEC181161mm
r_2468,PSDEC160181mm
r_2469,PSDEC161181mm
r_2470,PSDEC180181mm
r_2471,PSDEC181181mm
r_2472,PSDEC160161gm
r_2473,PSDEC161161gm
r_2474,PSDEC180161gm
r_2475,PSDEC181161gm
r_2476,PSDEC160181gm
r_2477,PSDEC161181gm
r_2478,PSDEC180181gm
r_2479,PSDEC181181gm
r_2480,PSDEC160161vm
r_2481,PSDEC161161vm
r_2482,PSDEC180161vm
r_2483,PSDEC181161vm
r_2484,PSDEC160181vm
r_2485,PSDEC161181vm
r_2486,PSDEC180181vm
r_2487,PSDEC181181vm
r_2488,PEMET160161rm
r_2489,PEMET161161rm
r_2490,PEMET180161rm
r_2491,PEMET181161rm
r_2492,PEMET160181rm
r_2493,PEMET161181rm
r_2494,PEMET180181rm
r_2495,PEMET181181rm
r_2496,PMMET160161rm
r_2497,PMMET161161rm
r_2498,PMMET180161rm
r_2499,PMMET181161rm
r_2500,PMMET160181rm
r_2501,PMMET161181rm
r_2502,PMMET180181rm
r_2503,PMMET181181rm
r_2504,PDMET160161rm
r_2505,PDMET161161rm
r_2506,PDMET180161rm
r_2507,PDMET181161rm
r_2508,PDMET160181rm
r_2509,PDMET161181rm
r_2510,PDMET180181rm
r_2511,PDMET181181rm
r_2512,DKIN160161rm
r_2513,DKIN161161rm
r_2514,DKIN180161rm
r_2515,DKIN181161rm
r_2516,DKIN160181rm
r_2517,DKIN161181rm
r_2518,DKIN180181rm
r_2519,DKIN181181rm
r_2520,ETH160161rm
r_2521,ETHAPT161161rm
r_2522,ETH180161rm
r_2523,ETH181161rm
r_2524,ETH160181rm
r_2525,ETH161181rm
r_2526,ETH180181rm
r_2527,ETH181181rm
r_2528,CHO160161rm
r_2529,CHOPT161161rm
r_2530,CHO180161rm
r_2531,CHO181161rm
r_2532,CHO160181rm
r_2533,CHO161181rm
r_2534,CHO180181rm
r_2535,CHO181181rm
r_2536,PSYN160161mm
r_2537,PSYN161161mm
r_2538,PSYN180161mm
r_2539,PSYN181161mm
r_2540,PSYN160181mm
r_2541,PSYN161181mm
r_2542,PPHT160161mm
r_2543,PPHT161161mm
r_2544,PPHT180161mm
r_2545,PPHT181161mm
r_2546,PPHT160181mm
r_2547,PPHT161181mm
r_2548,SYN160161160161mm
r_2549,SYN160161161161mm
r_2550,SYN160161180161mm
r_2551,SYN160161181161mm
r_2552,SYN160161160181mm
r_2553,SYN160161161181mm
r_2554,SYN161161160161mm
r_2555,SYN161161161161mm
r_2556,SYN161161180161mm
r_2557,SYN161161181161mm
r_2558,SYN161161160181mm
r_2559,SYN161161161181mm
r_2560,SYN180161160161mm
r_2561,SYN180161161161mm
r_2562,SYN180161180161mm
r_2563,SYN180161181161mm
r_2564,SYN180161160181mm
r_2565,SYN180161161181mm
r_2566,SYN181161160161mm
r_2567,SYN181161161161mm
r_2568,SYN181161180161mm
r_2569,SYN181161181161mm
r_2570,SYN181161160181mm
r_2571,SYN181161161181mm
r_2572,SYN160181160161mm
r_2573,SYN160181161161mm
r_2574,SYN160181180161mm
r_2575,SYN160181181161mm
r_2576,SYN160181160181mm
r_2577,SYN160181161181mm
r_2578,SYN161181160161mm
r_2579,SYN161181161161mm
r_2580,SYN161181180161mm
r_2581,SYN161181181161mm
r_2582,SYN161181160181mm
r_2583,SYN161181161181mm
r_2584,PPPL11602161316041611mm
r_2585,PPPL11602161316141611mm
r_2586,PPPL11602161318041611mm
r_2587,PPPL11602161318141611mm
r_2588,PPPL11602161316041811mm
r_2589,PPPL11602161316141811mm
r_2590,PPPL11802161316041611mm
r_2591,PPPL11802161316141611mm
r_2592,PPPL11802161318041611mm
r_2593,PPPL11802161318141611mm
r_2594,PPPL11802161316041811mm
r_2595,PPPL11802161316141811mm
r_2596,PPPL11602181316041611mm
r_2597,PPPL11602181316141611mm
r_2598,PPPL11602181318041611mm
r_2599,PPPL11602181318141611mm
r_2600,PPPL11602181316041811mm
r_2601,PPPL11602181316141811mm
r_2602,PPPL11602161316041613mm
r_2603,PPPL11602161318041613mm
r_2604,PPPL11602161316041813mm
r_2605,PPPL11612161316041613mm
r_2606,PPPL11612161318041613mm
r_2607,PPPL11612161316041813mm
r_2608,PPPL11802161316041613mm
r_2609,PPPL11802161318041613mm
r_2610,PPPL11802161316041813mm
r_2611,PPPL11812161316041613mm
r_2612,PPPL11812161318041613mm
r_2613,PPPL11812161316041813mm
r_2614,PPPL11602181316041613mm
r_2615,PPPL11602181318041613mm
r_2616,PPPL11602181316041813mm
r_2617,PPPL11612181316041613mm
r_2618,PPPL11612181318041613mm
r_2619,PPPL11612181316041813mm
r_2620,MATR161160161160161mm
r_2621,MATR161160161161161mm
r_2622,MATR161160161180161mm
r_2623,MATR161160161181161mm
r_2624,MATR161160161160181mm
r_2625,MATR161160161161181mm
r_2626,MATR161160161180181mm
r_2627,MATR161160161181181mm
r_2628,MATR161161161160161mm
r_2629,MATR161161161161161mm
r_2630,MATR161161161180161mm
r_2631,MATR161161161181161mm
r_2632,MATR161161161160181mm
r_2633,MATR161161161161181mm
r_2634,MATR161161161180181mm
r_2635,MATR161161161181181mm
r_2636,MATR161180161160161mm
r_2637,MATR161180161161161mm
r_2638,MATR161180161180161mm
r_2639,MATR161180161181161mm
r_2640,MATR161180161160181mm
r_2641,MATR161180161161181mm
r_2642,MATR161180161180181mm
r_2643,MATR161180161181181mm
r_2644,MATR161181161160161mm
r_2645,MATR161181161161161mm
r_2646,MATR161181161180161mm
r_2647,MATR161181161181161mm
r_2648,MATR161181161160181mm
r_2649,MATR161181161161181mm
r_2650,MATR161181161180181mm
r_2651,MATR161181161181181mm
r_2652,MATR161160181160161mm
r_2653,MATR161160181161161mm
r_2654,MATR161160181180161mm
r_2655,MATR161160181181161mm
r_2656,MATR161160181160181mm
r_2657,MATR161160181161181mm
r_2658,MATR161160181180181mm
r_2659,MATR161160181181181mm
r_2660,MATR161161181160161mm
r_2661,MATR161161181161161mm
r_2662,MATR161161181180161mm
r_2663,MATR161161181181161mm
r_2664,MATR161161181160181mm
r_2665,MATR161161181161181mm
r_2666,MATR161161181180181mm
r_2667,MATR161161181181181mm
r_2668,MATR181160161160161mm
r_2669,MATR181160161161161mm
r_2670,MATR181160161180161mm
r_2671,MATR181160161181161mm
r_2672,MATR181160161160181mm
r_2673,MATR181160161161181mm
r_2674,MATR181160161180181mm
r_2675,MATR181160161181181mm
r_2676,MATR181161161160161mm
r_2677,MATR181161161161161mm
r_2678,MATR181161161180161mm
r_2679,MATR181161161181161mm
r_2680,MATR181161161160181mm
r_2681,MATR181161161161181mm
r_2682,MATR181161161180181mm
r_2683,MATR181161161181181mm
r_2684,MATR181180161160161mm
r_2685,MATR181180161161161mm
r_2686,MATR181180161180161mm
r_2687,MATR181180161181161mm
r_2688,MATR181180161160181mm
r_2689,MATR181180161161181mm
r_2690,MATR181180161180181mm
r_2691,MATR181180161181181mm
r_2692,MATR181181161160161mm
r_2693,MATR181181161161161mm
r_2694,MATR181181161180161mm
r_2695,MATR181181161181161mm
r_2696,MATR181181161160181mm
r_2697,MATR181181161161181mm
r_2698,MATR181181161180181mm
r_2699,MATR181181161181181mm
r_2700,MATR181160181160161mm
r_2701,MATR181160181161161mm
r_2702,MATR181160181180161mm
r_2703,MATR181160181181161mm
r_2704,MATR181160181160181mm
r_2705,MATR181160181161181mm
r_2706,MATR181160181180181mm
r_2707,MATR181160181181181mm
r_2708,MATR181161181160161mm
r_2709,MATR181161181161161mm
r_2710,MATR181161181180161mm
r_2711,MATR181161181181161mm
r_2712,MATR181161181160181mm
r_2713,MATR181161181161181mm
r_2714,MATR181161181180181mm
r_2715,MATR181161181181181mm
r_2716,MATR160161161160161mm
r_2717,MATR160161161161161mm
r_2718,MATR160161161180161mm
r_2719,MATR160161161181161mm
r_2720,MATR160161161160181mm
r_2721,MATR160161161161181mm
r_2722,MATR160161161180181mm
r_2723,MATR160161161181181mm
r_2724,MATR160161181160161mm
r_2725,MATR160161181161161mm
r_2726,MATR160161181180161mm
r_2727,MATR160161181181161mm
r_2728,MATR160161181160181mm
r_2729,MATR160161181161181mm
r_2730,MATR160161181180181mm
r_2731,MATR160161181181181mm
r_2732,MATR161161161160161mm
r_2733,MATR161161161161161mm
r_2734,MATR161161161180161mm
r_2735,MATR161161161181161mm
r_2736,MATR161161161160181mm
r_2737,MATR161161161161181mm
r_2738,MATR161161161180181mm
r_2739,MATR161161161181181mm
r_2740,MATR161161181160161mm
r_2741,MATR161161181161161mm
r_2742,MATR161161181180161mm
r_2743,MATR161161181181161mm
r_2744,MATR161161181160181mm
r_2745,MATR161161181161181mm
r_2746,MATR161161181180181mm
r_2747,MATR161161181181181mm
r_2748,MATR180161161160161mm
r_2749,MATR180161161161161mm
r_2750,MATR180161161180161mm
r_2751,MATR180161161181161mm
r_2752,MATR180161161160181mm
r_2753,MATR180161161161181mm
r_2754,MATR180161161180181mm
r_2755,MATR180161161181181mm
r_2756,MATR180161181160161mm
r_2757,MATR180161181161161mm
r_2758,MATR180161181180161mm
r_2759,MATR180161181181161mm
r_2760,MATR180161181160181mm
r_2761,MATR180161181161181mm
r_2762,MATR180161181180181mm
r_2763,MATR180161181181181mm
r_2764,MATR181161161160161mm
r_2765,MATR181161161161161mm
r_2766,MATR181161161180161mm
r_2767,MATR181161161181161mm
r_2768,MATR181161161160181mm
r_2769,MATR181161161161181mm
r_2770,MATR181161161180181mm
r_2771,MATR181161161181181mm
r_2772,MATR181161181160161mm
r_2773,MATR181161181161161mm
r_2774,MATR181161181180161mm
r_2775,MATR181161181181161mm
r_2776,MATR181161181160181mm
r_2777,MATR181161181161181mm
r_2778,MATR181161181180181mm
r_2779,MATR181161181181181mm
r_2780,MATR160181161160161mm
r_2781,MATR160181161161161mm
r_2782,MATR160181161180161mm
r_2783,MATR160181161181161mm
r_2784,MATR160181161160181mm
r_2785,MATR160181161161181mm
r_2786,MATR160181161180181mm
r_2787,MATR160181161181181mm
r_2788,MATR160181181160161mm
r_2789,MATR160181181161161mm
r_2790,MATR160181181180161mm
r_2791,MATR160181181181161mm
r_2792,MATR160181181160181mm
r_2793,MATR160181181161181mm
r_2794,MATR160181181180181mm
r_2795,MATR160181181181181mm
r_2796,MATR161181161160161mm
r_2797,MATR161181161161161mm
r_2798,MATR161181161180161mm
r_2799,MATR161181161181161mm
r_2800,MATR161181161160181mm
r_2801,MATR161181161161181mm
r_2802,MATR161181161180181mm
r_2803,MATR161181161181181mm
r_2804,MATR161181181160161mm
r_2805,MATR161181181161161mm
r_2806,MATR161181181180161mm
r_2807,MATR161181181181161mm
r_2808,MATR161181181160181mm
r_2809,MATR161181181161181mm
r_2810,MATR161181181180181mm
r_2811,MATR161181181181181mm
r_2820,PKIN4160161ce
r_2821,PIP4K161161ce
r_2822,PKIN4180161ce
r_2823,PKIN4181161ce
r_2824,PKIN4160181ce
r_2825,PKIN4161181ce
r_2826,PKIN4180181ce
r_2827,PKIN4181181ce
r_2828,PKIN4160161vm
r_2829,PIP4K161161vm
r_2830,PKIN4180161vm
r_2831,PKIN4181161vm
r_2832,PKIN4160181vm
r_2833,PKIN4161181vm
r_2834,PKIN4180181vm
r_2835,PKIN4181181vm
r_2836,PKIN4160161gm
r_2837,PIP4K161161gm
r_2838,PKIN4180161gm
r_2839,PKIN4181161gm
r_2840,PKIN4160181gm
r_2841,PKIN4161181gm
r_2842,PKIN4180181gm
r_2843,PKIN4181181gm
r_2844,PKIN4160161n
r_2845,PIP4K161161n
r_2846,PKIN4180161n
r_2847,PKIN4181161n
r_2848,PKIN4160181n
r_2849,PKIN4161181n
r_2850,PKIN4180181n
r_2851,PKIN4181181n
r_2852,PKIN3160161vm
r_2853,PIP3K161161vm
r_2854,PKIN3180161vm
r_2855,PKIN3181161vm
r_2856,PKIN3160181vm
r_2857,PKIN3161181vm
r_2858,PKIN3180181vm
r_2859,PKIN3181181vm
r_2860,PIKIN45160161n
r_2861,PIKIN45161161n
r_2862,PIKIN45180161n
r_2863,PIKIN45181161n
r_2864,PIKIN45160181n
r_2865,PIKIN45161181n
r_2866,PIKIN45180181n
r_2867,PIKIN45181181n
r_2868,PIKIN45160161ce
r_2869,PIKIN45161161ce
r_2870,PIKIN45180161ce
r_2871,PIKIN45181161ce
r_2872,PIKIN45160181ce
r_2873,PIKIN45161181ce
r_2874,PIKIN45180181ce
r_2875,PIKIN45181181ce
r_2876,PIKIN35160161vm
r_2877,PIKIN35161161vm
r_2878,PIKIN35180161vm
r_2879,PIKIN35181161vm
r_2880,PIKIN35160181vm
r_2881,PIKIN35161181vm
r_2882,PIKIN35180181vm
r_2883,PIKIN35181181vm
r_2884,PEDATR160161160161rm
r_2885,PEDATR161161160161rm
r_2886,PEDATR180161160161rm
r_2887,PEDATR181161160161rm
r_2888,PEDATR160181160161rm
r_2889,PEDATR161181160161rm
r_2890,PEDATR180181160161rm
r_2891,PEDATR181181160161rm
r_2892,PEDATR160161161161rm
r_2893,PLDAGAT161161161161rm
r_2894,PEDATR180161161161rm
r_2895,PEDATR181161161161rm
r_2896,PEDATR160181161161rm
r_2897,PEDATR161181161161rm
r_2898,PEDATR180181161161rm
r_2899,PEDATR181181161161rm
r_2900,PEDATR160161180161rm
r_2901,PEDATR161161180161rm
r_2902,PEDATR180161180161rm
r_2903,PEDATR181161180161rm
r_2904,PEDATR160181180161rm
r_2905,PEDATR161181180161rm
r_2906,PEDATR180181180161rm
r_2907,PEDATR181181180161rm
r_2908,PEDATR160161181161rm
r_2909,PEDATR161161181161rm
r_2910,PEDATR180161181161rm
r_2911,PEDATR181161181161rm
r_2912,PEDATR160181181161rm
r_2913,PEDATR161181181161rm
r_2914,PEDATR180181181161rm
r_2915,PEDATR181181181161rm
r_2916,PEDATR160161160181rm
r_2917,PEDATR161161160181rm
r_2918,PEDATR180161160181rm
r_2919,PEDATR181161160181rm
r_2920,PEDATR160181160181rm
r_2921,PEDATR161181160181rm
r_2922,PEDATR180181160181rm
r_2923,PEDATR181181160181rm
r_2924,PEDATR160161161181rm
r_2925,PEDATR161161161181rm
r_2926,PEDATR180161161181rm
r_2927,PEDATR181161161181rm
r_2928,PEDATR160181161181rm
r_2929,PEDATR161181161181rm
r_2930,PEDATR180181161181rm
r_2931,PEDATR181181161181rm
r_2932,PEDATR160161180181rm
r_2933,PEDATR161161180181rm
r_2934,PEDATR180161180181rm
r_2935,PEDATR181161180181rm
r_2936,PEDATR160181180181rm
r_2937,PEDATR161181180181rm
r_2938,PEDATR180181180181rm
r_2939,PEDATR181181180181rm
r_2940,PEDATR160161181181rm
r_2941,PEDATR161161181181rm
r_2942,PEDATR180161181181rm
r_2943,PEDATR181161181181rm
r_2944,PEDATR160181181181rm
r_2945,PEDATR161181181181rm
r_2946,PEDATR180181181181rm
r_2947,PEDATR181181181181rm
r_2948,PCDATR160161160161rm
r_2949,PCDATR161161160161rm
r_2950,PCDATR180161160161rm
r_2951,PCDATR181161160161rm
r_2952,PCDATR160181160161rm
r_2953,PCDATR161181160161rm
r_2954,PCDATR180181160161rm
r_2955,PCDATR181181160161rm
r_2956,PCDATR160161161161rm
r_2957,PLDAGAT161161161161rm
r_2958,PCDATR180161161161rm
r_2959,PCDATR181161161161rm
r_2960,PCDATR160181161161rm
r_2961,PCDATR161181161161rm
r_2962,PCDATR180181161161rm
r_2963,PCDATR181181161161rm
r_2964,PCDATR160161180161rm
r_2965,PCDATR161161180161rm
r_2966,PCDATR180161180161rm
r_2967,PCDATR181161180161rm
r_2968,PCDATR160181180161rm
r_2969,PCDATR161181180161rm
r_2970,PCDATR180181180161rm
r_2971,PCDATR181181180161rm
r_2972,PCDATR160161181161rm
r_2973,PCDATR161161181161rm
r_2974,PCDATR180161181161rm
r_2975,PCDATR181161181161rm
r_2976,PCDATR160181181161rm
r_2977,PCDATR161181181161rm
r_2978,PCDATR180181181161rm
r_2979,PCDATR181181181161rm
r_2980,PCDATR160161160181rm
r_2981,PCDATR161161160181rm
r_2982,PCDATR180161160181rm
r_2983,PCDATR181161160181rm
r_2984,PCDATR160181160181rm
r_2985,PCDATR161181160181rm
r_2986,PCDATR180181160181rm
r_2987,PCDATR181181160181rm
r_2988,PCDATR160161161181rm
r_2989,PCDATR161161161181rm
r_2990,PCDATR180161161181rm
r_2991,PCDATR181161161181rm
r_2992,PCDATR160181161181rm
r_2993,PCDATR161181161181rm
r_2994,PCDATR180181161181rm
r_2995,PCDATR181181161181rm
r_2996,PCDATR160161180181rm
r_2997,PCDATR161161180181rm
r_2998,PCDATR180161180181rm
r_2999,PCDATR181161180181rm
r_3000,PCDATR160181180181rm
r_3001,PCDATR161181180181rm
r_3002,PCDATR180181180181rm
r_3003,PCDATR181181180181rm
r_3004,PCDATR160161181181rm
r_3005,PCDATR161161181181rm
r_3006,PCDATR180161181181rm
r_3007,PCDATR181161181181rm
r_3008,PCDATR160181181181rm
r_3009,PCDATR161181181181rm
r_3010,PCDATR180181181181rm
r_3011,PCDATR181181181181rm
r_3022,BCPLIP160161rm
r_3023,PLA2PC161161rm
r_3024,BCPLIP180161rm
r_3025,BCPLIP181161rm
r_3026,BCPLIP160181rm
r_3027,BCPLIP161181rm
r_3028,BCPLIP180181rm
r_3029,BCPLIP181181rm
r_3030,LPCH160_sn1rm
r_3031,LPCH1619Z_sn1rm
r_3032,LPCH180_sn1rm
r_3033,LPCH1819Z_sn1rm
r_3034,BCPLIP160161ce
r_3035,PLA2PC161161ce
r_3036,BCPLIP180161ce
r_3037,BCPLIP181161ce
r_3038,BCPLIP160181ce
r_3039,BCPLIP161181ce
r_3040,BCPLIP180181ce
r_3041,BCPLIP181181ce
r_3042,LPCH160_sn1ce
r_3043,LPCH1619Z_sn1ce
r_3044,LPCH180_sn1ce
r_3045,LPCH1819Z_sn1ce
r_3046,PEPPL160161ce
r_3047,PLIPA2E161ce
r_3048,PEPPL180161ce
r_3049,PEPPL181161ce
r_3050,PEPPL160181ce
r_3051,PEPPL161181ce
r_3052,PEPPL180181ce
r_3053,PEPPL181181ce
r_3054,LPLIPAL1E160ce
r_3055,LPLIPAL1E161ce
r_3056,LPLIPAL1E180ce
r_3057,LPLIPAL1E181ce
r_3058,PSPPL160161ce
r_3059,PSPPL161161ce
r_3060,PSPPL180161ce
r_3061,PSPPL181161ce
r_3062,PSPPL160181ce
r_3063,PSPPL161181ce
r_3064,PSPPL180181ce
r_3065,PSPPL181181ce
r_3066,LPSPHOB160ce
r_3067,LPSPHOB161ce
r_3068,LPSPHOB180ce
r_3069,LPSPHOB181ce
r_3070,PIPPL160161ce
r_3071,PIPPL161161ce
r_3072,PIPPL180161ce
r_3073,PIPPL181161ce
r_3074,PIPPL160181ce
r_3075,PIPPL161181ce
r_3076,PIPPL180181ce
r_3077,PIPPL181181ce
r_3078,LPIPHOB160ce
r_3079,LPIPHOB161ce
r_3080,LPIPHOB180ce
r_3081,LPIPHOB181ce
r_3082,PIPPL45160161c
r_3083,PIPPL45161161c
r_3084,PIPPL45180161c
r_3085,PIPPL45181161c
r_3086,PIPPL45160181c
r_3087,PIPPL45161181c
r_3088,PIPPL45180181c
r_3089,PIPPL45181181c
r_3090,PIPPL45160161n
r_3091,PIPPL45161161n
r_3092,PIPPL45180161n
r_3093,PIPPL45181161n
r_3094,PIPPL45160181n
r_3095,PIPPL45161181n
r_3096,PIPPL45180181n
r_3097,PIPPL45181181n
r_3098,PPL160161mm
r_3099,PPL161161mm
r_3100,PPL180161mm
r_3101,PPL181161mm
r_3102,PPL160181mm
r_3103,PPL161181mm
r_3104,DCPLIP160161ce
r_3105,PLDPC161161ce
r_3106,DCPLIP180161ce
r_3107,DCPLIP181161ce
r_3108,DCPLIP160181ce
r_3109,DCPLIP161181ce
r_3110,DCPLIP180181ce
r_3111,DCPLIP181181ce
r_3112,PIPHT3160161ce
r_3113,PIP3P161161ce
r_3114,PIPHT3180161ce
r_3115,PIPHT3181161ce
r_3116,PIPHT3160181ce
r_3117,PIPHT3161181ce
r_3118,PIPHT3180181ce
r_3119,PIPHT3181181ce
r_3120,PIPHT3160161c
r_3122,PIPHT3180161c
r_3123,PIPHT3181161c
r_3124,PIPHT3160181c
r_3125,PIPHT3161181c
r_3126,PIPHT3180181c
r_3127,PIPHT3181181c
r_3128,PIPHT3160161rm
r_3129,PIP3P161161rm
r_3130,PIPHT3180161rm
r_3131,PIPHT3181161rm
r_3132,PIPHT3160181rm
r_3133,PIPHT3161181rm
r_3134,PIPHT3180181rm
r_3135,PIPHT3181181rm
r_3136,PIPHT3160161gm
r_3137,PIP3P161161gm
r_3138,PIPHT3180161gm
r_3139,PIPHT3181161gm
r_3140,PIPHT3160181gm
r_3141,PIPHT3161181gm
r_3142,PIPHT3180181gm
r_3143,PIPHT3181181gm
r_3144,PIPHT4160161ce
r_3145,PIPHT4161161ce
r_3146,PIPHT4180161ce
r_3147,PIPHT4181161ce
r_3148,PIPHT4160181ce
r_3149,PIPHT4161181ce
r_3150,PIPHT4180181ce
r_3151,PIPHT4181181ce
r_3152,PIPHT4160161c
r_3153,PIPHT4161161c
r_3154,PIPHT4180161c
r_3155,PIPHT4181161c
r_3156,PIPHT4160181c
r_3157,PIPHT4161181c
r_3158,PIPHT4180181c
r_3159,PIPHT4181181c
r_3160,PIPHT4160161rm
r_3161,PIPHT4161161rm
r_3162,PIPHT4180161rm
r_3163,PIPHT4181161rm
r_3164,PIPHT4160181rm
r_3165,PIPHT4161181rm
r_3166,PIPHT4180181rm
r_3167,PIPHT4181181rm
r_3168,PIPHT4160161gm
r_3169,PIPHT4161161gm
r_3170,PIPHT4180161gm
r_3171,PIPHT4181161gm
r_3172,PIPHT4160181gm
r_3173,PIPHT4161181gm
r_3174,PIPHT4180181gm
r_3175,PIPHT4181181gm
r_3176,PIPHT35160161ce
r_3177,PIPHT35161161ce
r_3178,PIPHT35180161ce
r_3179,PIPHT35181161ce
r_3180,PIPHT35160181ce
r_3181,PIPHT35161181ce
r_3182,PIPHT35180181ce
r_3183,PIPHT35181181ce
r_3184,PIPHT35160161c
r_3185,PIPHT35161161c
r_3186,PIPHT35180161c
r_3187,PIPHT35181161c
r_3188,PIPHT35160181c
r_3189,PIPHT35161181c
r_3190,PIPHT35180181c
r_3191,PIPHT35181181c
r_3192,PIPHT45160161ce
r_3193,PIPHT45161161ce
r_3194,PIPHT45180161ce
r_3195,PIPHT45181161ce
r_3196,PIPHT45160181ce
r_3197,PIPHT45161181ce
r_3198,PIPHT45180181ce
r_3199,PIPHT45181181ce
r_3200,PIPHT45160161c
r_3201,PIPHT45161161c
r_3202,PIPHT45180161c
r_3203,PIPHT45181161c
r_3204,PIPHT45160181c
r_3205,PIPHT45161181c
r_3206,PIPHT45180181c
r_3207,PIPHT45181181c
r_3208,PIPHT45160161rm
r_3209,PIPHT45161161rm
r_3210,PIPHT45180161rm
r_3211,PIPHT45181161rm
r_3212,PIPHT45160181rm
r_3213,PIPHT45161181rm
r_3214,PIPHT45180181rm
r_3215,PIPHT45181181rm
r_3216,PIPHT35160161vm
r_3217,PIPHT35161161vm
r_3218,PIPHT35180161vm
r_3219,PIPHT35181161vm
r_3220,PIPHT35160181vm
r_3221,PIPHT35161181vm
r_3222,PIPHT35180181vm
r_3223,PIPHT35181181vm
r_3224,DPHT160161vm
r_3225,DPHT161161vm
r_3226,DPHT180161vm
r_3227,DPHT181161vm
r_3228,DPHT160181vm
r_3229,DPHT161181vm
r_3230,DPHT180181vm
r_3231,DPHT181181vm
r_3232,DPHT160161gm
r_3233,DPHT161161gm
r_3234,DPHT180161gm
r_3235,DPHT181161gm
r_3236,DPHT160181gm
r_3237,DPHT161181gm
r_3238,DPHT180181gm
r_3239,DPHT181181gm
r_3240,LYSPHO160CYT
r_3241,LYSPHO161CYT
r_3242,LYSPHO180CYT
r_3243,LYSPHO181CYT
r_3244,LYSPHO160VAC
r_3245,LYSPHO161VAC
r_3246,LYSPHO180VAC
r_3247,LYSPHO181VAC
r_3248,LYSPHO160GOL
r_3249,LYSPHO161GOL
r_3250,LYSPHO180GOL
r_3251,LYSPHO181GOL
r_3252,ERGESTHYD161lp
r_3253,ERGESTHYD181lp
r_3254,EPIESTHYD161lp
r_3255,EPIESTHYD181lp
r_3256,FECESTHYD161lp
r_3257,FECESTHYD181lp
r_3258,LANESTHYD161lp
r_3259,LANESTHYD181lp
r_3260,ZYMESTHYD161lp
r_3261,ZYMESTHYD181lp
r_3262,ZYMESTHYD161ce
r_3263,ZYMESTHYD181ce
r_3264,TLIP160161160lp
r_3265,TLIP160161161lp
r_3266,TLIP160161180lp
r_3267,TLIP160161181lp
r_3268,TAGAH161161160lp
r_3269,TAGAH161161161lp
r_3270,TLIP161161180lp
r_3271,TAGAH161161181lp
r_3272,TLIP180161160lp
r_3273,TLIP180161161lp
r_3274,TLIP180161180lp
r_3275,TLIP180161181lp
r_3276,TLIP181161160lp
r_3277,TLIP181161161lp
r_3278,TLIP181161180lp
r_3279,TLIP181161181lp
r_3280,TLIP160181160lp
r_3281,TLIP160181161lp
r_3282,TLIP160181180lp
r_3283,TLIP160181181lp
r_3284,TLIP161181160lp
r_3285,TLIP161181161lp
r_3286,TLIP161181180lp
r_3287,TLIP161181181lp
r_3288,TLIP180181160lp
r_3289,TLIP180181161lp
r_3290,TLIP180181180lp
r_3291,TLIP180181181lp
r_3292,TLIP181181160lp
r_3293,TLIP181181161lp
r_3294,TLIP181181180lp
r_3295,TLIP181181181lp
r_3296,DLIP160161lp
r_3297,DLIP161161lp
r_3298,DLIP180161lp
r_3299,DLIP181161lp
r_3300,DLIP160181lp
r_3301,DLIP161181lp
r_3302,DLIP180181lp
r_3303,DLIP181181lp
r_3304,DMLIP160181
r_3305,DMLIP161181
r_3306,DMLIP180181
r_3307,DMLIP181181
r_3308,MAGAH160lp
r_3309,MAGLIP161lp
r_3310,MAGAH180lp
r_3311,MAGLIP181lp
r_3312,LOCATR160lp
r_3313,LOCATR161lp
r_3314,LOCATR180lp
r_3315,LOCATR181lp
r_3316,PCPPL160161lp
r_3317,PLA2PC161161lp
r_3318,PCPPL180161lp
r_3319,PCPPL181161lp
r_3320,PCPPL160181lp
r_3321,PCPPL161181lp
r_3322,PCPPL180181lp
r_3323,PCPPL181181lp
r_3324,PEPPL160161lp
r_3325,PLIPA2E161lp
r_3326,PEPPL180161lp
r_3327,PEPPL181161lp
r_3328,PEPPL160181lp
r_3329,PEPPL161181lp
r_3330,PEPPL180181lp
r_3331,PEPPL181181lp
r_4039,SUCOAACTm
r_4042,RAFHe
r_0964,GTHRDtv
r_1028,TCHOLAtv
r_1085,ATPM
r_1086,ATPM
r_1103,5FTHFt
r_1107,ETHACEt
r_1121,CER2A24trg
r_1122,CER2A26trg
r_1123,CER3_24trg
r_1124,CER3_26trg
r_1130,CTPtm
r_1148,ERGSTtce
r_1162,FECOSTtce
r_1168,GTHRDtv
r_1202,ILE__Ltv
r_1208,LEU__Ltv
r_1220,TYR__Ltv
r_1228,NNDIFt
r_1230,NADTRA
r_1231,NADTRA2
r_1232,NADTRA3
r_1236,OCDCAtx
r_1252,PTRCtv
r_1253,PYRSYM
r_1261,SPMDt3v
r_1263,SPRMt2v
r_1275,UTPTRA
r_1278,ZYMSTtce
r_2219,FATACYCOATRAABC120
r_2220,FATACYCOATRAABC140
r_2222,FATACYCOATRAABC161
r_2224,FATACYCOATRAABC181
r_2225,FATACYCOATRAABC200
r_2228,FATACYCOATRAABC260
r_3348,AIPT1160216124
r_3349,AIPT1161216124
r_3350,AIPT1180216124
r_3351,AIPT1181216124
r_3352,AIPT1160218124
r_3353,AIPT1161218124
r_3354,AIPT1180218124
r_3355,AIPT1181218124
r_3356,AIPT1160216126
r_3357,AIPT1161216126
r_3358,AIPT1180216126
r_3359,AIPT1181216126
r_3360,AIPT1160218126
r_3361,AIPT1161218126
r_3362,AIPT1180218126
r_3363,AIPT1181218126
r_3364,PIPT1160216124
r_3365,PIPT1161216124
r_3366,PIPT1180216124
r_3367,PIPT1181216124
r_3368,PIPT1160218124
r_3369,PIPT1161218124
r_3370,PIPT1180218124
r_3371,PIPT1181218124
r_3372,PIPT1160216126
r_3373,PIPT1161216126
r_3374,PIPT1180216126
r_3375,PIPT1181216126
r_3376,PIPT1160218126
r_3377,PIPT1161218126
r_3378,PIPT1180218126
r_3379,PIPT1181218126
r_3380,BIPT1160216124
r_3381,BIPT1161216124
r_3382,BIPT1180216124
r_3383,BIPT1181216124
r_3384,BIPT1160218124
r_3385,BIPT1161218124
r_3386,BIPT1180218124
r_3387,BIPT1181218124
r_3388,BIPT1160216126
r_3389,BIPT1161216126
r_3390,BIPT1180216126
r_3391,BIPT1181216126
r_3392,BIPT1160218126
r_3393,BIPT1161218126
r_3394,BIPT1180218126
r_3395,BIPT1181218126
r_3396,CIPT1160216124
r_3397,CIPT1161216124
r_3398,CIPT1180216124
r_3399,CIPT1181216124
r_3400,CIPT1160218124
r_3401,CIPT1161218124
r_3402,CIPT1180218124
r_3403,CIPT1181218124
r_3404,CIPT1160216126
r_3405,CIPT1161216126
r_3406,CIPT1180216126
r_3407,CIPT1181216126
r_3408,CIPT1160218126
r_3409,CIPT1161218126
r_3410,CIPT1180218126
r_3411,CIPT1181218126
r_3412,DIPT1160216124
r_3413,DIPT1161216124
r_3414,DIPT1180216124
r_3415,DIPT1181216124
r_3416,DIPT1160218124
r_3417,DIPT1161218124
r_3418,DIPT1180218124
r_3419,DIPT1181218124
r_3420,DIPT1160216126
r_3421,DIPT1161216126
r_3422,DIPT1180216126
r_3423,DIPT1181216126
r_3424,DIPT1160218126
r_3425,DIPT1161218126
r_3426,DIPT1180218126
r_3427,DIPT1181218126
r_3428,ICSYN11602161124
r_3429,ICSYN11612161124
r_3430,ICSYN11802161124
r_3431,ICSYN11812161124
r_3432,ICSYN11602181124
r_3433,ICSYN11612181124
r_3434,ICSYN11802181124
r_3435,ICSYN11812181124
r_3436,ICSYN11602161126
r_3437,ICSYN11612161126
r_3438,ICSYN11802161126
r_3439,ICSYN11812161126
r_3440,ICSYN11602181126
r_3441,ICSYN11612181126
r_3442,ICSYN11802181126
r_3443,ICSYN11812181126
r_3444,ICPSYN11602161224
r_3445,ICPSYN11612161224
r_3446,ICPSYN11802161224
r_3447,ICPSYN11812161224
r_3448,ICPSYN11602181224
r_3449,ICPSYN11612181224
r_3450,ICPSYN11802181224
r_3451,ICPSYN11812181224
r_3452,ICPSYN11602161226
r_3453,ICPSYN11612161226
r_3454,ICPSYN11802161226
r_3455,ICPSYN11812161226
r_3456,ICPSYN11602181226
r_3457,ICPSYN11612181226
r_3458,ICPSYN11802181226
r_3459,ICPSYN11812181226
r_3460,ICSYN11602161224
r_3461,ICSYN11612161224
r_3462,ICSYN11802161224
r_3463,ICSYN11812161224
r_3464,ICSYN11602181224
r_3465,ICSYN11612181224
r_3466,ICSYN11802181224
r_3467,ICSYN11812181224
r_3468,ICSYN11602161226
r_3469,ICSYN11612161226
r_3470,ICSYN11802161226
r_3471,ICSYN11812161226
r_3472,ICSYN11602181226
r_3473,ICSYN11612181226
r_3474,ICSYN11802181226
r_3475,ICSYN11812181226
r_3476,ICSYN11602161324
r_3477,ICSYN11612161324
r_3478,ICSYN11802161324
r_3479,ICSYN11812161324
r_3480,ICSYN11602181324
r_3481,ICSYN11612181324
r_3482,ICSYN11802181324
r_3483,ICSYN11812181324
r_3484,ICSYN11602161326
r_3485,ICSYN11612161326
r_3486,ICSYN11802161326
r_3487,ICSYN11812161326
r_3488,ICSYN11602181326
r_3489,ICSYN11612181326
r_3490,ICSYN11802181326
r_3491,ICSYN11812181326
r_3492,ICSYN11602161424
r_3493,ICSYN11612161424
r_3494,ICSYN11802161424
r_3495,ICSYN11812161424
r_3496,ICSYN11602181424
r_3497,ICSYN11612181424
r_3498,ICSYN11802181424
r_3499,ICSYN11812181424
r_3500,ICSYN11602161426
r_3501,ICSYN11612161426
r_3502,ICSYN11802161426
r_3503,ICSYN11812161426
r_3504,ICSYN11602181426
r_3505,ICSYN11612181426
r_3506,ICSYN11802181426
r_3507,ICSYN11812181426
r_1449,ipc2a24SLIMEg
r_1450,ipc2a26SLIMEg
r_1451,ipc324SLIMEg
r_1452,ipc326SLIMEg
r_1453,ipc124SLIMEg
r_1454,ipc126SLIMEg
r_1455,ipc224SLIMEg
r_1456,ipc226SLIMEg
r_1457,ipc424SLIMEg
r_1458,ipc426SLIMEg
r_1479,mip2c124SLIMEg
r_1480,mip2c126SLIMEg
r_1481,mip2c2a24SLIMEg
r_1482,mip2c2a26SLIMEg
r_1483,mip2c224SLIMEg
r_1484,mip2c226SLIMEg
r_1485,mip2c324SLIMEg
r_1486,mip2c326SLIMEg
r_1487,mip2c424SLIMEg
r_1488,mip2c426SLIMEg
r_1509,mipc2a24SLIMEg
r_1510,mipc2a26SLIMEg
r_1511,mipc324SLIMEg
r_1512,mipc326SLIMEg
r_1513,mipc124SLIMEg
r_1514,mipc126SLIMEg
r_1515,mipc224SLIMEg
r_1516,mipc226SLIMEg
r_1517,mipc424SLIMEg
r_1518,mipc426SLIMEg
r_3963,pail160161SLIMEc
r_3964,pail161SLIMEc
r_3965,pail180161SLIMEc
r_3966,pail181161SLIMEc
r_3967,pail160181SLIMEc
r_3968,pail161181SLIMEc
r_3969,pail180181SLIMEc
r_3970,pail181181SLIMEc
r_3971,ergpalSLIMErm
r_3972,ergoleSLIMErm
r_3975,hdcaSLIMEc
r_3976,hdceaSLIMEc
r_3977,ocdcaSLIMEc
r_3978,ocdceaSLIMEc
r_3979,ps160161SLIMErm
r_3980,ps161161SLIMErm
r_3981,ps180161SLIMErm
r_3982,ps181161SLIMErm
r_3983,ps160181SLIMErm
r_3984,ps161181SLIMErm
r_3985,ps180181SLIMErm
r_3986,ps181181SLIMErm
r_3988,pc160161SLIMErm
r_3989,pc161SLIMErm
r_3990,pc180161SLIMErm
r_3991,pc181161SLIMErm
r_3992,pc160181SLIMErm
r_3993,pc161181SLIMErm
r_3994,pc180181SLIMErm
r_3995,pc181181SLIMErm
r_3997,pe160161SLIMErm
r_3998,pe161SLIMErm
r_3999,pe180161SLIMErm
r_4000,pe181161SLIMErm
r_4001,pe160181SLIMErm
r_4002,pe161181SLIMErm
r_4003,pe180181SLIMErm
r_4004,pe181181SLIMErm
r_4006,tag160161160SLIMErm
r_4007,tag160181160SLIMErm
r_4008,tag1619Z1619Z160SLIMErm
r_4009,tag161181160SLIMErm
r_4010,tag180161160SLIMErm
r_4011,tag180181160SLIMErm
r_4012,tag181161160SLIMErm
r_4013,tag181181160SLIMErm
r_4014,tag160161161SLIMErm
r_4015,tag160181161SLIMErm
r_4016,tag1619Z1619Z1619ZSLIMErm
r_4017,tag161181161SLIMErm
r_4018,tag180161161SLIMErm
r_4019,tag180181161SLIMErm
r_4020,tag1819Z1619Z1619ZSLIMErm
r_4021,tag181181161SLIMErm
r_4022,tag160161180SLIMErm
r_4023,tag160181180SLIMErm
r_4024,tag161161180SLIMErm
r_4025,tag161181180SLIMErm
r_4026,tag180161180SLIMErm
r_4027,tag180181180SLIMErm
r_4028,tag181161180SLIMErm
r_4029,tag181181180SLIMErm
r_4030,tag160161181SLIMErm
r_4031,tag160181181SLIMErm
r_4032,tag1619Z1619Z1819ZSLIMErm
r_4033,tag161181181SLIMErm
r_4034,tag180161181SLIMErm
r_4035,tag180181181SLIMErm
r_4036,tag1819Z1619Z1819ZSLIMErm
r_4037,tag181181181SLIMErm
r_1543,13BDGLCNtce
r_1560,INOSPP1tn
r_1562,MI1P__Dtr
r_1587,AKGtn
r_1588,AKGt
r_1628,DANNt
r_1635,ACtn
r_1644,ADPtn
r_1645,ADPtr
r_1661,ATPtr
r_1676,CER1_24tgr
r_1677,CER2_24tgr
r_1678,CER424tgr
r_1679,CER1_26tgr
r_1680,CER2_26tgr
r_1681,CER426tgr
r_1684,CHOLtce
r_1686,CITt
r_1724,ADPDEA
r_1725,DADDEA
r_1759,ERGSTtlp
r_1765,EX_ethace_e
r_1803,GDPMANNtg
r_1827,Htlp
r_1831,Htv
r_1833,HEXCCOAtr
r_1834,EX_hxdcal_e
r_1837,HIS__Ltm
r_1851,IPC124tgr
r_1852,IPC224tgr
r_1853,IPC2A24tgr
r_1854,IPC324tgr
r_1855,IPC424tgr
r_1856,IPC126tgr
r_1857,IPC226tgr
r_1858,IPC2A26tgr
r_1859,IPC326tgr
r_1860,IPC426tgr
r_1890,GLU__Ltn
r_1892,GLN__Ltn
r_1907,SER__Ltr
r_1919,LYS__Ltm
r_1920,MIP2C124tgr
r_1921,MIP2C224tgr
r_1922,MIP2C2A24tgr
r_1923,MIP2C324tgr
r_1924,MIP2C424tgr
r_1925,MIP2C126tgr
r_1926,MIP2C226tgr
r_1927,MIP2C2A26tgr
r_1928,MIP2C326tgr
r_1929,MIP2C426tgr
r_1937,MIPC124tgr
r_1938,MIPC224tgr
r_1939,MIPC2A24tgr
r_1940,MIPC324tgr
r_1941,MIPC424tgr
r_1942,MIPC126tgr
r_1943,MIPC226tgr
r_1944,MIPC2A26tgr
r_1945,MIPC326tgr
r_1946,MIPC426tgr
r_1952,EX_nndif_e
r_1966,NCAMtn
r_1971,NMNtx
r_2004,PHE__Ltm
r_2008,PItv
r_2063,TTCCOAtr
r_2080,TREtv
r_2082,TRP__Ltm
r_2087,TYR__Ltx
r_2107,ZYMSTtce
r_2108,BIOMASS_yeast-GEM_LIP
r_2111,GROWTH
r_2125,COAtlp
r_2134,EX_44mzym_e
r_2136,44MZYMt
r_2137,EX_ergtetrol_e
r_2139,ERGTETROLt
r_2229,BUTtx
r_2231,OCDCEAtx
r_2812,LATR160161mm
r_2813,LATR160181mm
r_2814,LPCAT161161_sn2mm
r_2815,LATR161181mm
r_2816,LATR180161mm
r_2817,LATR180181mm
r_2818,LATR181161mm
r_2819,LATR181181mm
r_3332,KIN160161gm
r_3333,KIN161161gm
r_3334,KIN180161gm
r_3335,KIN181161gm
r_3336,KIN160181gm
r_3337,KIN161181gm
r_3338,KIN180181gm
r_3339,KIN181181gm
r_3340,KIN160161vm
r_3341,KIN161161vm
r_3342,KIN180161vm
r_3343,KIN181161vm
r_3344,KIN160181vm
r_3345,KIN161181vm
r_3346,KIN180181vm
r_3347,KIN181181vm
r_3508,DDCAtrm
r_3509,TTDCAtrm
r_3510,HDCAtrm
r_3511,HDCEAtrm
r_3512,OCDCAtrm
r_3513,OCDCEAtrm
r_3514,MALCOAtrm
r_3515,DDCACOAtrm
r_3516,TDCOAtrm
r_3517,PMTCOAtrm
r_3518,HDCOAtrm
r_3519,STCOAtrm
r_3520,OCDCE9COAtrm
r_3521,ARACHCOAtrm
r_3522,DOCOSCOAtrm
r_3523,TTCCOAtrm
r_3524,HEXCCOAtrm
r_3525,Htrm
r_3526,H2Otrm
r_3527,CO2trm
r_3528,COAtrm
r_3529,NADPHtrm
r_3530,NADPtrm
r_3531,O2trm
r_3532,NADHtrm
r_3533,NADtrm
r_3534,GLYC3Ptrm
r_3535,DHAPtrm
r_3536,PPItrm
r_3537,PItrm
r_3538,CTPtrm
r_3539,CDPtrm
r_3540,CMPtrm
r_3541,CDPEAtrm
r_3542,CDPCHOLtrm
r_3543,ATPtrm
r_3544,AMPtrm
r_3545,SER__Ltrm
r_3546,INOSTtrm
r_3547,AMETtrm
r_3548,AHCYStrm
r_3549,EPISTtrm
r_3550,FECOSTtrm
r_3551,LANOSTtrm
r_3552,ERGSTtrm
r_3553,ZYMSTtrm
r_3554,DAG160161trm
r_3555,12DGR161trm
r_3556,DAG180161trm
r_3557,DAG181161trm
r_3558,DAG160181trm
r_3559,DAG161181trm
r_3560,DAG180181trm
r_3561,12DGR181trm
r_3562,PAIL160161trm
r_3563,PAIL161trm
r_3564,PAIL180161trm
r_3565,PAIL181161trm
r_3566,PAIL160181trm
r_3567,PAIL161181trm
r_3568,PAIL180181trm
r_3569,PAIL181181trm
r_3570,G3PCtrm
r_3571,HDCAtlp
r_3572,HDCEAtlp
r_3573,OCDCAtlp
r_3574,OCDCEAtlp
r_3575,DDCACOAtlp
r_3576,TDCOAtlp
r_3577,PMTCOAtlp
r_3578,HDCOAtlp
r_3579,STCOAtlp
r_3580,OCDCE9COAtlp
r_3581,GLYC3Ptlp
r_3582,DHAPtlp
r_3583,NADPHtlp
r_3584,NADPtlp
r_3585,ATPtlp
r_3586,AMPtlp
r_3587,PPItlp
r_3588,DAG160161tlp
r_3589,12DGR161tlp
r_3590,DAG180161tlp
r_3591,DAG181161tlp
r_3592,DAG160181tlp
r_3593,DAG161181tlp
r_3594,DAG180181tlp
r_3595,12DGR181tlp
r_3596,H2Otlp
r_3597,GLYCtlp
r_3598,DOCOSCOAtlp
r_3599,TTCCOAtlp
r_3600,HEXCCOAtlp
r_3601,ATPtce
r_3602,ADPtce
r_3603,Htce
r_3604,H2Otce
r_3605,PItce
r_3606,G3PCtce
r_3607,G3PItce
r_3608,HDCAtce
r_3609,HDCEAtce
r_3610,OCDCAtce
r_3611,OCDCEAtce
r_3612,ARACHCOAtce
r_3613,DOCOSCOAtce
r_3614,TTCCOAtce
r_3615,HEXCCOAtce
r_3616,PAIL45BP160161tce
r_3617,PAIL45BP161161tce
r_3618,PAIL45BP180161tce
r_3619,PAIL45BP181161tce
r_3620,PAIL45BP160181tce
r_3621,PAIL45BP161181tce
r_3622,PAIL45BP180181tce
r_3623,PAIL45BP181181tce
r_3624,PAIL4P160161tce
r_3625,PAIL4P161tce
r_3626,PAIL4P180161tce
r_3627,PAIL4P181161tce
r_3628,PAIL4P160181tce
r_3629,PAIL4P161181tce
r_3630,PAIL4P180181tce
r_3631,PAIL4P181181tce
r_3632,PAIL45BP160161tn
r_3633,PAIL45BP161161tn
r_3634,PAIL45BP180161tn
r_3635,PAIL45BP181161tn
r_3636,PAIL45BP160181tn
r_3637,PAIL45BP161181tn
r_3638,PAIL45BP180181tn
r_3639,PAIL45BP181181tn
r_3640,DAG160161tn
r_3641,12DGR161tn
r_3642,DAG180161tn
r_3643,DAG181161tn
r_3644,DAG160181tn
r_3645,DAG161181tn
r_3646,DAG180181tn
r_3647,12DGR181tn
r_3648,H2Otvm
r_3649,PItvm
r_3650,Htvm
r_3651,ATPtvm
r_3652,ADPtvm
r_3653,CO2tvm
r_3654,PAIL35BP160161tvm
r_3655,PAIL35BP161161tvm
r_3656,PAIL35BP180161tvm
r_3657,PAIL35BP181161tvm
r_3658,PAIL35BP160181tvm
r_3659,PAIL35BP161181tvm
r_3660,PAIL35BP180181tvm
r_3661,PAIL35BP181181tvm
r_3662,H2Otgm
r_3663,PItgm
r_3664,Htgm
r_3665,CO2tgm
r_3666,ATPtgm
r_3667,ADPtgm
r_3668,H2Otmm
r_3669,CO2tmm
r_3670,HDCOAtmm
r_3671,OCDCE9COAtmm
r_3672,DAG160161tmm
r_3673,12DGR161tmm
r_3674,DAG180161tmm
r_3675,DAG181161tmm
r_3676,DAG160181tmm
r_3677,DAG161181tmm
r_3678,HDCAtmm
r_3679,OCDCAtmm
r_3680,COAtmm
r_3681,DDCAtrmlp
r_3682,TTDCAtrmlp
r_3683,LGNCtrmlp
r_3684,HEXCtrmlp
r_3685,TAG160161160trmlp
r_3686,TAG160161161trmlp
r_3687,TAG160161180trmlp
r_3688,TAG160161181trmlp
r_3689,TAG1619Z1619Z160trmlp
r_3690,TAG1619Z1619Z1619Ztrmlp
r_3691,TAG161161180trmlp
r_3692,TAG1619Z1619Z1819Ztrmlp
r_3693,TAG180161160trmlp
r_3694,TAG180161161trmlp
r_3695,TAG180161180trmlp
r_3696,TAG180161181trmlp
r_3697,TAG181161160trmlp
r_3698,TAG1819Z1619Z1619Ztrmlp
r_3699,TAG181161180trmlp
r_3700,TAG1819Z1619Z1819Ztrmlp
r_3701,TAG160181160trmlp
r_3702,TAG160181161trmlp
r_3703,TAG160181180trmlp
r_3704,TAG160181181trmlp
r_3705,TAG161181160trmlp
r_3706,TAG161181161trmlp
r_3707,TAG161181180trmlp
r_3708,TAG161181181trmlp
r_3709,TAG180181160trmlp
r_3710,TAG180181161trmlp
r_3711,TAG180181180trmlp
r_3712,TAG180181181trmlp
r_3713,TAG181181160trmlp
r_3714,TAG181181161trmlp
r_3715,TAG181181180trmlp
r_3716,TAG181181181trmlp
r_3717,EPISTtrmlp
r_3718,FECOSTtrmlp
r_3719,LANOSTtrmlp
r_3720,ZYMSTtrmlp
r_3721,ERGPALtrmlp
r_3722,ERGOLEtrmlp
r_3723,EPIPALtrmlp
r_3724,EPIOLEtrmlp
r_3725,FECPALtrmlp
r_3726,FECOLEtrmlp
r_3727,LANPALtrmlp
r_3728,LANOLEtrmlp
r_3729,ZYMPALtrmlp
r_3730,ZYMOLEtrmlp
r_3731,PC160161trmlp
r_3732,PC161trmlp
r_3733,PC180161trmlp
r_3734,PC181161trmlp
r_3735,PC160181trmlp
r_3736,PC161181trmlp
r_3737,PC180181trmlp
r_3738,PC181181trmlp
r_3739,PE160161trmlp
r_3740,PE161trmlp
r_3741,PE180161trmlp
r_3742,PE181161trmlp
r_3743,PE160181trmlp
r_3744,PE161181trmlp
r_3745,PE180181trmlp
r_3746,PE181181trmlp
r_3747,1AGPC160trmlp
r_3748,1AGPC161trmlp
r_3749,1AGPC180trmlp
r_3750,1AGPC181trmlp
r_3751,1AGPE160trmlp
r_3752,1AGPE161trmlp
r_3753,1AGPE180trmlp
r_3754,1AGPE181trmlp
r_3755,PA160181tlprm
r_3756,PA161181tlprm
r_3757,PA180181tlprm
r_3758,PA181181tlprm
r_3759,PA160161trmmm
r_3760,PA161trmmm
r_3761,PA180161trmmm
r_3762,PA181161trmmm
r_3763,PA160181trmmm
r_3764,PA161181trmmm
r_3765,PS160161trmmm
r_3766,PS161161trmmm
r_3767,PS180161trmmm
r_3768,PS181161trmmm
r_3769,PS160181trmmm
r_3770,PS161181trmmm
r_3771,PS180181trmmm
r_3772,PS181181trmmm
r_3773,PE160161tmmrm
r_3774,PE161tmmrm
r_3775,PE180161tmmrm
r_3776,PE181161tmmrm
r_3777,PE160181tmmrm
r_3778,PE161181tmmrm
r_3779,PE180181tmmrm
r_3780,PE181181tmmrm
r_3781,PC160161trmmm
r_3782,PC161trmmm
r_3783,PC180161trmmm
r_3784,PC181161trmmm
r_3785,PC160181trmmm
r_3786,PC161181trmmm
r_3787,PC180181trmmm
r_3788,PC181181trmmm
r_3789,DAG160161trmgm
r_3790,12DGR161trmgm
r_3791,DAG180161trmgm
r_3792,DAG181161trmgm
r_3793,DAG160181trmgm
r_3794,DAG161181trmgm
r_3795,DAG180181trmgm
r_3796,12DGR181trmgm
r_3797,PA160161trmgm
r_3798,PA161trmgm
r_3799,PA180161trmgm
r_3800,PA181161trmgm
r_3801,PA160181trmgm
r_3802,PA161181trmgm
r_3803,PA180181trmgm
r_3804,PA181181trmgm
r_3805,PAIL160161trmgm
r_3806,PAIL161trmgm
r_3807,PAIL180161trmgm
r_3808,PAIL181161trmgm
r_3809,PAIL160181trmgm
r_3810,PAIL161181trmgm
r_3811,PAIL180181trmgm
r_3812,PAIL181181trmgm
r_3813,PS160161trmgm
r_3814,PS161161trmgm
r_3815,PS180161trmgm
r_3816,PS181161trmgm
r_3817,PS160181trmgm
r_3818,PS161181trmgm
r_3819,PS180181trmgm
r_3820,PS181181trmgm
r_3821,PE160161tgmrm
r_3822,PE161tgmrm
r_3823,PE180161tgmrm
r_3824,PE181161tgmrm
r_3825,PE160181tgmrm
r_3826,PE161181tgmrm
r_3827,PE180181tgmrm
r_3828,PE181181tgmrm
r_3829,PA160161trmvm
r_3830,PA161trmvm
r_3831,PA180161trmvm
r_3832,PA181161trmvm
r_3833,PA160181trmvm
r_3834,PA161181trmvm
r_3835,PA180181trmvm
r_3836,PA181181trmvm
r_3837,PAIL160161trmvm
r_3838,PAIL161trmvm
r_3839,PAIL180161trmvm
r_3840,PAIL181161trmvm
r_3841,PAIL160181trmvm
r_3842,PAIL161181trmvm
r_3843,PAIL180181trmvm
r_3844,PAIL181181trmvm
r_3845,PS160161trmvm
r_3846,PS161161trmvm
r_3847,PS180161trmvm
r_3848,PS181161trmvm
r_3849,PS160181trmvm
r_3850,PS161181trmvm
r_3851,PS180181trmvm
r_3852,PS181181trmvm
r_3853,PE160161tvmrm
r_3854,PE161tvmrm
r_3855,PE180161tvmrm
r_3856,PE181161tvmrm
r_3857,PE160181tvmrm
r_3858,PE161181tvmrm
r_3859,PE180181tvmrm
r_3860,PE181181tvmrm
r_3861,PAIL3P160161tvmrm
r_3862,PAIL3P161tvmrm
r_3863,PAIL3P180161tvmrm
r_3864,PAIL3P181161tvmrm
r_3865,PAIL3P160181tvmrm
r_3866,PAIL3P161181tvmrm
r_3867,PAIL3P180181tvmrm
r_3868,PAIL3P181181tvmrm
r_3869,PAIL160161trmce
r_3870,PAIL161trmce
r_3871,PAIL180161trmce
r_3872,PAIL181161trmce
r_3873,PAIL160181trmce
r_3874,PAIL161181trmce
r_3875,PAIL180181trmce
r_3876,PAIL181181trmce
r_3877,PC160161trmce
r_3878,PC161trmce
r_3879,PC180161trmce
r_3880,PC181161trmce
r_3881,PC160181trmce
r_3882,PC161181trmce
r_3883,PC180181trmce
r_3884,PC181181trmce
r_3885,PE160161trmce
r_3886,PE161trmce
r_3887,PE180161trmce
r_3888,PE181161trmce
r_3889,PE160181trmce
r_3890,PE161181trmce
r_3891,PE180181trmce
r_3892,PE181181trmce
r_3893,PS160161trmce
r_3894,PS161161trmce
r_3895,PS180161trmce
r_3896,PS181161trmce
r_3897,PS160181trmce
r_3898,PS161181trmce
r_3899,PS180181trmce
r_3900,PS181181trmce
r_3901,LGNCtcerm
r_3902,HEXCtcerm
r_3903,PA160161tcerm
r_3904,PA161tcerm
r_3905,PA180161tcerm
r_3906,PA181161tcerm
r_3907,PA160181tcerm
r_3908,PA161181tcerm
r_3909,PA180181tcerm
r_3910,PA181181tcerm
r_3911,PAIL4P160161tcerm
r_3912,PAIL4P161tcerm
r_3913,PAIL4P180161tcerm
r_3914,PAIL4P181161tcerm
r_3915,PAIL4P160181tcerm
r_3916,PAIL4P161181tcerm
r_3917,PAIL4P180181tcerm
r_3918,PAIL4P181181tcerm
r_3919,PAIL45BP160161tcerm
r_3920,PAIL45BP161161tcerm
r_3921,PAIL45BP180161tcerm
r_3922,PAIL45BP181161tcerm
r_3923,PAIL45BP160181tcerm
r_3924,PAIL45BP161181tcerm
r_3925,PAIL45BP180181tcerm
r_3926,PAIL45BP181181tcerm
r_3927,ZYMPALtrmce
r_3928,ZYMOLEtrmce
r_3929,PAIL160161trmn
r_3930,PAIL161trmn
r_3931,PAIL180161trmn
r_3932,PAIL181161trmn
r_3933,PAIL160181trmn
r_3934,PAIL161181trmn
r_3935,PAIL180181trmn
r_3936,PAIL181181trmn
r_3937,LGNCtrmr
r_3938,HEXCtrmr
r_3939,ERGSTtrrm
r_3940,PItrrm
r_3941,PAIL3P160161tvmgm
r_3942,PAIL3P161tvmgm
r_3943,PAIL3P180161tvmgm
r_3944,PAIL3P181161tvmgm
r_3945,PAIL3P160181tvmgm
r_3946,PAIL3P161181tvmgm
r_3947,PAIL3P180181tvmgm
r_3948,PAIL3P181181tvmgm
r_3949,PAIL35BP160161tvmce
r_3950,PAIL35BP161161tvmce
r_3951,PAIL35BP180161tvmce
r_3952,PAIL35BP181161tvmce
r_3953,PAIL35BP160181tvmce
r_3954,PAIL35BP161181tvmce
r_3955,PAIL35BP180181tvmce
r_3956,PAIL35BP181181tvmce
r_3957,Htmmm
r_3958,GLYC3Ptmmm
r_3959,CMPtmmm
r_3960,CTPtmmm
r_3961,PItmmm
r_3962,PPItmmm
r_3973,ERGSTESTtrm
r_3987,PS_CHOtrm
r_3996,PCHOL_CHOtrm
r_4005,PE_HStrm
r_4038,TAG_CHOtrm
r_4040,HEMEAtm
r_4041,BIOMASS_yeast-GEM
r_4047,BIOMASS_yeast-GEM_PROT
r_4048,BIOMASS_yeast-GEM_CARB
r_4049,BIOMASS_yeast-GEM_RNA
r_4050,BIOMASS_yeast-GEM_DNA
r_4051,CERtg
r_4052,MIP2Ctg
r_4053,IPCtg
r_4054,MIPCtg
r_4055,LCBtr
r_4056,LCBPtr
r_4057,PAtrm
r_4058,DAGtrm
r_4059,LPItrm
r_4060,PGtmm
r_4061,CLtmm
r_4062,SINK_LIPBACK
r_4063,BIOMASS_yeast-GEM_LIPBACK
r_4064,SINK_LIPCHAIN
r_4065,BIOMASS_yeast-GEM_LIPCHAIN
r_4066,cer1_24SLIMEg
r_4067,cer1_26SLIMEg
r_4068,cer2_24SLIMEg
r_4069,cer2_26SLIMEg
r_4070,cer2a24SLIMEg
r_4071,cer2a26SLIMEg
r_4072,cer3_24SLIMEg
r_4073,cer3_26SLIMEg
r_4074,cer424SLIMEg
r_4075,cer426SLIMEg
r_4076,psphingsSLIMEer
r_4077,psph1pSLIMEer
r_4078,sphgnSLIMEer
r_4079,sph1pSLIMEer
r_4080,pa160161SLIMErm
r_4081,pa160181SLIMErm
r_4082,pa161SLIMErm
r_4083,pa161181SLIMErm
r_4084,pa180161SLIMErm
r_4085,pa180181SLIMErm
r_4086,pa181161SLIMErm
r_4087,pa181181SLIMErm
r_4088,dag160161SLIMErm
r_4089,dag160181SLIMErm
r_4090,12dgr161SLIMErm
r_4091,dag161181SLIMErm
r_4092,dag180161SLIMErm
r_4093,dag180181SLIMErm
r_4094,dag181161SLIMErm
r_4095,12dgr181SLIMErm
r_4096,lpi161SLIMErm
r_4097,lpi181SLIMErm
r_4098,pg160161SLIMEmm
r_4099,pg161161SLIMEmm
r_4100,pg180161SLIMEmm
r_4101,pg181161SLIMEmm
r_4102,pg160181SLIMEmm
r_4103,pg161181SLIMEmm
r_4104,cl160161160161SLIMEmm
r_4105,cl160161161161SLIMEmm
r_4106,cl160161180161SLIMEmm
r_4107,cl160161181161SLIMEmm
r_4108,cl160161160181SLIMEmm
r_4109,cl160161161181SLIMEmm
r_4110,cl161161160161SLIMEmm
r_4111,clpn161SLIMEmm
r_4112,cl161161180161SLIMEmm
r_4113,cl161161181161SLIMEmm
r_4114,cl161161160181SLIMEmm
r_4115,cl161161161181SLIMEmm
r_4116,cl180161160161SLIMEmm
r_4117,cl180161161161SLIMEmm
r_4118,cl180161180161SLIMEmm
r_4119,cl180161181161SLIMEmm
r_4120,cl180161160181SLIMEmm
r_4121,cl180161161181SLIMEmm
r_4122,cl181161160161SLIMEmm
r_4123,cl181161161161SLIMEmm
r_4124,cl181161180161SLIMEmm
r_4125,cl181161181161SLIMEmm
r_4126,cl181161160181SLIMEmm
r_4127,cl181161161181SLIMEmm
r_4128,cl160181160161SLIMEmm
r_4129,cl160181161161SLIMEmm
r_4130,cl160181180161SLIMEmm
r_4131,cl160181181161SLIMEmm
r_4132,cl160181160181SLIMEmm
r_4133,cl160181161181SLIMEmm
r_4134,cl161181160161SLIMEmm
r_4135,cl161181161161SLIMEmm
r_4136,cl161181180161SLIMEmm
r_4137,cl161181181161SLIMEmm
r_4138,cl161181160181SLIMEmm
r_4139,cl161181161181SLIMEmm
r_4140,cl181181160161SLIMEmm
r_4141,cl181181161161SLIMEmm
r_4142,cl181181180161SLIMEmm
r_4143,cl181181181161SLIMEmm
r_4144,cl181181160181SLIMEmm
r_4145,cl181181161181SLIMEmm
r_4146,cl160161181181SLIMEmm
r_4147,cl161161181181SLIMEmm
r_4148,cl180161181181SLIMEmm
r_4149,cl181161181181SLIMEmm
r_4150,cl160181181181SLIMEmm
r_4151,cl161181181181SLIMEmm
r_4154,ACTDn
r_4155,AGGGAFMSTYOXI
r_4156,MAMEMEAPE2
r_4157,APPPRRPHT1
r_4158,NADOXI
r_4159,GLCNACTr
r_4160,ADADADDIRIPPT
r_4161,ARG__Ltv
r_4162,HIS__Ltv
r_4163,LYS__Ltv
r_4164,OXACOALx
r_4165,ARALPSGCL2
r_4166,ARALPSGCL22
r_4167,VACACHCO1VAHOCCFAPR1
r_4168,FRUtv
r_4169,GALtv
r_4170,GLCNACPTr
r_4173,LCYSACCSUL
r_4174,CHSTEROLtrrm
r_4175,PUARALDHG
r_4176,PUARALDHG2
r_4178,PUARALDHG3
r_4181,MANTRAATP1
r_4184,HMOGPPFLYA442
r_4186,LMETDISSOXI
r_4187,PROTRSm
r_4189,4AHYDTETHYDHYDLYA
r_4192,CYLYMET1
r_4193,ADMELYMET
r_4194,ZN2tr
r_4195,ZN2tmv
r_4196,FCYTOB5OXRr
r_4198,BIBCFPRRED24
r_4199,GLGS1
r_4200,GLGS12
r_4201,GLGS13
r_4203,ILLLVYAPE1
r_4204,ILLLVYAPE12
r_4206,THHYASAMLYA3
r_4207,EGDDLMOP24
r_4209,GTHDHx
r_4210,UREHYDLYACYAFOR
r_4211,RPGPPPGHLYA535
r_4215,CGDUGPGDCSMDP1
r_4217,FEROm
r_4218,ADGTATTDCL
r_4219,ADGTATTDCL2
r_4220,4NITPHOPHO
r_4223,3HYD2METCOAHYD
r_4225,BRRAACPHDE3.DEERPR1t
r_4229,MONACIAMIAMI
r_4231,ACYAMI
r_4233,ADMETEFACYMET
r_4234,GGGPCS
r_4237,CAVATRATP2
r_4238,CATRATP2g
r_4239,LARGTRNARGPROARG
r_4240,DOOLDIPRSU
r_4241,MAPROLGCL
r_4242,ISAOCEPMAT161
r_4243,AADGGMADGLPMAT1236
r_4244,GMMAMBGBGDAMAT1314146
r_4245,MANPGHv
r_4246,ALMA
r_4247,ATPTHRBICADE
r_4250,DOLDIPPHO
r_4251,CTPCYT
r_4252,THITHISYNTHIBIOENZ
r_4253,DBGPGAGAMAMAMAMAMAMAMAMAMBGBGDA13131212131213121616141412
r_4256,LIPATPT
r_4258,LCPLAF
r_4260,DEDGGLHO1
r_4261,DEDGGLHO12
r_4263,CLtg
r_4264,FRD2m
r_4265,NUCTRIDIP
r_4269,HINNNCPPSST1
r_4271,EMAMOR129
r_4272,ALMAAL12
r_4273,ETH2OXINITFOR
r_4275,FEIINADOXI
r_4276,FEIINADOXI2
r_4277,ACGPATR31
r_4278,DIPLIGAMPFOR
r_4279,8OXODGTDIP
r_4280,OCANACPROC
r_4281,LIPACPPRON6LIP
r_4283,HEX7
r_4295,2PRO1ALNOXI
r_4297,TMABADH
r_4298,ALDHc
r_4299,IMACTD
r_4301,5HOXINDACTOX
r_4303,FATALDDEHHFD
r_4304,FATALDDEHHFD
r_4305,CHLOXI
r_4306,PYLALDOX
r_4307,FAROXI
r_4308,AAPPPPT
r_4309,PUTESTYMR
r_4310,GDMAALMAT12
r_4311,GDMAALMAT122
r_4312,SADELMETNMET
r_4313,AADGMAGLPMAT12689
r_4314,AADGMAGLPMAT126892
r_4316,ADDEGMADGLMPMAT11223967
r_4318,ISO6ALPDGLU
r_4319,DEX6ALPDGLU
r_4320,DBGPMAMAMAMAMAMAMAMAMBGBGDA1212131213121616141413
r_4321,DBGPGAMAMAMAMAMAMAMAMAMBGBGDA131212131213121616141413
r_4322,GPMAT4
r_4323,PRON6OCTANOLYSSUL
r_4324,OCTANOACPSULSUL
r_4325,IRSUCLASPR2MIIRSUCLSCPR2
r_4327,MG2tm
r_4328,UDPPHOBETDGLU
r_4331,ACBEGL14
r_4333,POLPHO
r_4334,CU2abc_c_g
r_4337,IROSULCLUTRAATMMIT
r_4338,ALOLGCL126
r_4339,UACGAMtrg
r_4340,DHAAAOP3
r_4341,GLYC2Pt
r_4343,THRPHOPROSYMt
r_4344,PTHRc
r_4345,ALKPHO
r_4346,GUATRAPROSYM
r_4351,ALKPHO2
r_4352,CYSSPHOt
r_4353,CYSOXI
r_4354,HYPOXI
r_4356,2AMIYRATRA
r_4357,ALKPHO3
r_4358,URPRPHPRSY2t
r_4361,GLYMETTRAPROSYM
r_4362,DIP
r_4363,R07
r_4364,NPHOTRA
r_4365,CRETRA
r_4368,TYRPc
r_4369,TRITRAINPROSYM
r_4370,ALKPHO4
r_4371,CYPRMOPRSY2t
r_4372,CYCPHO
r_4373,PRPRCYUMPRSY23t
r_4374,SUALCALYA34
r_4375,SULALAPROANT3t
r_4377,3AMPt
r_4378,ALPGLU
r_4380,RE2223c
r_4381,ACETRAPROSYM
r_4382,THICOXI
r_4383,TETt
r_4385,5DGLCNt2ec
r_4386,DIP2
r_4387,ALAASPPROSYMt
r_4388,CYCPHO2
r_4389,PRPRCYCMPRSY23t
r_4390,BG_MADGc
r_4392,ALPMETGLUPROSYMt
r_4393,ATPTAG6PHO
r_4394,DTAG6PHO4EPI
r_4398,ALAGLNTRAPROSYM
r_4399,LALALGLUtcv
r_4401,ALATHRTRAPROSYM
r_4402,ALTHPRSYEXCYt
r_4403,PPA2
r_4404,GLASPRSYEXCYt
r_4405,GLYC1Pt
r_4408,LALALGLUtec
r_4409,LALGPv
r_4410,3OXAGLYLYAOXAFOR
r_4411,LCYSBISLYADEA
r_4412,CYCPHO3
r_4413,DEO3PRIPHO
r_4414,CYTNONDIP
r_4415,CYTNONSPEDIP
r_4416,CYTNONSPEDIP2
r_4417,CYTNONSPEDIP3
r_4418,CYTNONSPEDIP4
r_4419,LCYSTRAPROSYM
r_4420,ALPGLU2
r_4421,2HYDTRAPROSYM
r_4422,3OXATRAPROSYM
r_4423,GLYMETTRAPROSYM2
r_4424,GLYGLNTRAPROSYM
r_4425,GLYGLNTRAPROSYM2
r_4426,ALAGLNTRAPROSYM2
r_4427,NACETRAPROSYM
r_4428,PHOTRAPROSYM
r_4429,ALAHISTRAPROSYM
r_4430,ALAHISTRAPROSYM2
r_4431,ALAASPPROSYMt
r_4433,THY3MONt
r_4434,THY5MONt
r_4435,GLY1PHOPHO
r_4436,NSTPMPHT5
r_4437,GLGLPRSYEXCYt
r_4438,GLGLPRSYCYVAt
r_4439,CYTNONDIP2
r_4440,MET__Ltv
r_4441,THR__Ltv
r_4443,23CGMPt
r_4446,G1Pt
r_4447,CBPt
r_4448,MEALPRSYEXCYt
r_4449,MEALPRSYCYVAt
r_4452,MINOHPt
r_4453,G6Pt
r_4454,UMPt
r_4456,MAN6Pt
r_4457,PHOETHPROSYMt
r_4460,PYRTRAINPROSYM
r_4464,23CAMPt
r_4465,ADPRMOPRSY2t
r_4471,ALLEPRSYEXCYt
r_4472,ALLEPRSYCYVAt
r_4473,LALATRAPROANT
r_4474,LALATRAPROANT2
r_4478,METSOX_S__Lt
r_4479,GLYASNTRAPROSYM
r_4480,CYSTRAPROANT
r_4481,H2SO
r_4482,ALAt2cv
r_4483,GLYt2cv
r_4491,ARAREDDARA
r_4493,ACACt
r_4495,ALKPHO5
r_4497,EX_3oxa3_e
r_4501,EX_tur_e
r_4509,EX_ala_L_ile__L_e
r_4522,EX_glyc1p_e
r_4528,EX_pppi_e
r_4531,EX_cbp_e
r_4533,EX_cysspho_e
r_4534,EX_gua2mon_e
r_4544,EX_amp2p_e
r_4551,EX_3sala_e
r_4559,EX_thy5mon_e
r_4560,EX_thy3mon_e
r_4561,EX_cyt2pho_e
r_4562,EX_uri2pho_e
r_4566,GNK
r_4567,6PHOPHO
r_4568,R06
r_4569,CARESTHYD
r_4570,PHODEH
r_4571,SEE
r_4572,APAT2c
r_4574,3OXOOXIDECCOAACE
r_4575,3OXOPROCARLYA
r_4576,KARI_23dhmbc
r_4577,DIHACIDEHMIT
r_4578,KETACIREDMIT
r_4582,MALBETMETSYN
r_4586,STASYN
r_4587,CA2t3ec
r_4589,CU2TRA
r_4592,MGt2ec
r_4598,BIOMASS_yeast-GEM_COFACTOR
r_4599,BIOMASS_yeast-GEM_ION
